City_ID,City,Lat,Lng,Max Temp,Humidity,Cloudiness,Wind Speed,Country,Date
0,blackmans bay,-43.0167,147.3167,53.73,84.0,2.0,2.55,AU,1717651255.0
1,dryden,49.7833,-92.7503,55.69,88.0,100.0,9.22,CA,1717651277.0
2,nizhniy odes,63.6445,54.856,55.89,69.0,84.0,8.1,RU,1717651341.0
3,paso de los libres,-29.7131,-57.0899,63.5,92.0,94.0,7.05,AR,1717651247.0
4,sarakhs,36.5449,61.1577,88.03,9.0,0.0,10.71,IR,1717651341.0
5,bredasdorp,-34.5322,20.0403,53.2,88.0,77.0,10.67,ZA,1717651259.0
6,whitehorse,60.7161,-135.0538,50.77,48.0,75.0,11.5,CA,1717650957.0
7,yellowknife,62.456,-114.3525,54.41,69.0,75.0,9.22,CA,1717651260.0
8,zhezqazghan,47.7833,67.7667,81.18,26.0,40.0,15.66,KZ,1717651342.0
9,castro,-24.7911,-50.0119,53.78,83.0,45.0,2.04,BR,1717651342.0
10,luwuk,-0.9516,122.7875,82.17,71.0,100.0,7.43,ID,1717651342.0
11,grytviken,-54.2811,-36.5092,29.08,93.0,100.0,6.4,GS,1717651255.0
12,port-aux-francais,-49.35,70.2167,36.05,74.0,24.0,41.2,TF,1717651257.0
13,haiku-pauwela,20.9219,-156.3051,75.22,82.0,20.0,14.97,US,1717651264.0
14,kapa'a,22.0752,-159.319,82.38,83.0,100.0,10.36,US,1717651081.0
15,tiksi,71.6872,128.8694,47.48,65.0,41.0,5.46,RU,1717651266.0
16,invercargill,-46.4,168.35,52.02,97.0,100.0,1.01,NZ,1717651254.0
17,waitangi,-43.9535,-176.5597,52.83,88.0,100.0,13.0,NZ,1717651253.0
18,avarua,-21.2078,-159.775,73.45,73.0,20.0,2.3,CK,1717651268.0
19,udachny,66.4167,112.4,52.45,91.0,100.0,21.61,RU,1717651289.0
20,adamstown,-25.066,-130.1015,71.87,77.0,34.0,12.5,PN,1717651255.0
21,puerto ayora,-0.7393,-90.3518,70.56,96.0,25.0,1.01,EC,1717651271.0
22,albany,42.6001,-73.9662,70.56,85.0,100.0,5.82,US,1717651130.0
23,anadyr,64.75,177.4833,37.9,60.0,0.0,15.66,RU,1717651263.0
24,olonkinbyen,70.9221,-8.7187,32.13,98.0,100.0,21.05,SJ,1717651257.0
25,santa cruz,-17.8,-63.1667,67.46,88.0,0.0,5.75,BO,1717651314.0
26,berezovyy,51.6667,135.7,64.92,51.0,87.0,3.02,RU,1717651268.0
27,tranovaho,,,,,,,,
28,taiohae,,,,,,,,
29,geraldton,-28.7667,114.6,81.01,29.0,96.0,19.57,AU,1717651263.0
30,saipan,15.1355,145.701,92.1,58.0,0.0,14.97,MP,1717651261.0
31,chonchi,-42.6128,-73.8092,52.12,97.0,100.0,4.59,CL,1717651278.0
32,uturoa,-16.7333,-151.4333,80.33,82.0,74.0,8.01,PF,1717651276.0
33,aguililla,18.7333,-102.7333,72.48,74.0,0.0,4.21,MX,1717651344.0
34,hawaiian paradise park,19.5933,-154.9731,76.51,89.0,100.0,3.44,US,1717651267.0
35,east london,-33.0153,27.9116,58.14,54.0,0.0,10.36,ZA,1717651285.0
36,longyearbyen,78.2186,15.6401,37.24,70.0,0.0,3.44,SJ,1717651157.0
37,bhojudih,23.6333,86.45,106.27,20.0,0.0,7.02,IN,1717651344.0
38,loches,47.1333,1.0,53.94,91.0,82.0,2.46,FR,1717651345.0
39,edinburgh of the seven seas,-37.0676,-12.3116,58.51,74.0,100.0,21.52,SH,1717651259.0
40,klyuchi,52.2667,79.1667,78.73,42.0,100.0,19.69,RU,1717651317.0
41,ushuaia,-54.8,-68.3,26.26,80.0,0.0,9.22,AR,1717650989.0
42,remire-montjoly,4.9167,-52.2667,77.04,100.0,20.0,1.14,GF,1717651294.0
43,freeport,40.6576,-73.5832,71.58,90.0,100.0,10.36,US,1717651345.0
44,bilibino,68.0546,166.4372,43.48,39.0,1.0,16.53,RU,1717651263.0
45,grenaa,56.4158,10.8783,52.02,84.0,6.0,14.97,DK,1717651345.0
46,howrah,22.5892,88.3103,95.0,66.0,75.0,0.0,IN,1717651196.0
47,essaouira,31.5125,-9.77,63.9,94.0,85.0,2.3,MA,1717651307.0
48,dikhil,11.5,42.1667,86.65,43.0,52.0,1.03,DJ,1717651345.0
49,visakhapatnam,17.69,83.2093,89.49,58.0,40.0,13.8,IN,1717651346.0
50,vorgashor,67.5833,63.95,29.8,88.0,10.0,7.83,RU,1717651259.0
51,lihue,21.9789,-159.3672,81.64,79.0,100.0,10.36,US,1717651265.0
52,porto seguro,-16.4497,-39.0647,72.12,94.0,75.0,4.61,BR,1717651346.0
53,vadso,70.0744,29.7487,47.28,81.0,20.0,14.97,NO,1717651254.0
54,dompu,-8.5356,118.4622,84.96,69.0,89.0,5.88,ID,1717651272.0
55,kataragama,,,,,,,,
56,ribeira grande,38.5167,-28.7,63.77,80.0,73.0,17.0,PT,1717651260.0
57,hobbs,32.7026,-103.136,81.19,41.0,0.0,8.05,US,1717651346.0
58,qaqortoq,60.7167,-46.0333,38.23,99.0,100.0,3.6,GL,1717651261.0
59,'ohonua,,,,,,,,
60,nuuk,64.1835,-51.7216,36.21,100.0,100.0,4.61,GL,1717651283.0
61,vallenar,-28.5708,-70.7581,62.71,51.0,77.0,2.57,CL,1717651347.0
62,ouro preto do oeste,-10.7481,-62.2158,71.35,65.0,86.0,2.01,BR,1717651099.0
63,m'sila,35.7058,4.5419,76.05,31.0,0.0,7.05,DZ,1717651347.0
64,tobi village,,,,,,,,
65,port elizabeth,-33.918,25.5701,57.31,86.0,0.0,7.0,ZA,1717651293.0
66,jiaojiang,28.6803,121.4428,66.31,90.0,100.0,6.46,CN,1717651347.0
67,manokwari,-0.8667,134.0833,84.02,67.0,31.0,5.5,ID,1717651313.0
68,enewetak,11.3474,162.3373,82.22,81.0,37.0,18.61,MH,1717651267.0
69,la passe,45.5549,-0.8967,59.99,86.0,99.0,3.91,FR,1717651276.0
70,afaahiti,-17.75,-149.2833,80.47,80.0,78.0,11.16,PF,1717651299.0
71,stanley,54.868,-1.6985,44.53,87.0,0.0,5.75,GB,1717651273.0
72,cidreira,-30.1811,-50.2056,62.01,88.0,56.0,8.46,BR,1717651258.0
73,la'ie,21.6477,-157.9253,80.56,82.0,34.0,8.01,US,1717650998.0
74,westport,41.1415,-73.3579,71.6,87.0,100.0,3.44,US,1717651285.0
75,cedeira,43.6797,-8.0209,59.97,75.0,89.0,15.21,ES,1717651348.0
76,dunedin,-45.8742,170.5036,50.81,87.0,100.0,4.61,NZ,1717651268.0
77,puerto natales,-51.7236,-72.4875,34.09,99.0,100.0,2.13,CL,1717651254.0
78,itoman,26.1247,127.6694,73.78,80.0,75.0,9.22,JP,1717651349.0
79,keflavik,64.0049,-22.5624,41.43,65.0,40.0,11.5,IS,1717651280.0
80,vicuna,-30.0319,-70.7081,64.33,42.0,100.0,1.01,CL,1717651292.0
81,acarau,-2.8856,-40.12,76.14,90.0,5.0,9.53,BR,1717651349.0
82,bethel,41.3712,-73.414,70.65,83.0,100.0,1.99,US,1717650970.0
83,sanctuary point,-35.1114,150.629,57.33,87.0,90.0,20.02,AU,1717651349.0
84,st. john's,47.5649,-52.7093,49.55,98.0,100.0,2.3,CA,1717651058.0
85,thompson,55.7435,-97.8558,41.16,100.0,100.0,8.05,CA,1717651271.0
86,dzuunmod,48.2199,97.3744,57.83,31.0,75.0,9.89,MN,1717651349.0
87,nova xavantina,-14.6667,-52.35,68.29,57.0,3.0,1.61,BR,1717651349.0
88,tual,-5.6667,132.75,80.29,83.0,90.0,21.05,ID,1717651299.0
89,tieli,46.95,128.05,67.89,73.0,100.0,11.88,CN,1717651350.0
90,hotan,37.0997,79.9269,79.36,17.0,100.0,8.52,CN,1717651289.0
91,tinogasta,-28.0632,-67.5649,53.22,42.0,46.0,0.51,AR,1717651350.0
92,marsh harbour,26.5412,-77.0636,80.53,79.0,0.0,12.41,BS,1717651350.0
93,aden,12.7794,45.0367,89.28,71.0,73.0,6.78,YE,1717651350.0
94,college,64.8569,-147.8028,59.32,82.0,75.0,6.91,US,1717651264.0
95,badger,64.8,-147.5333,59.25,80.0,75.0,6.91,US,1717651282.0
96,tolanaro,-25.0319,46.9987,75.27,78.0,20.0,13.8,MG,1717651312.0
97,valdivia,-39.8142,-73.2459,53.69,100.0,100.0,2.17,CL,1717651313.0
98,iskateley,67.6803,53.1512,41.02,86.0,97.0,10.0,RU,1717651253.0
99,guerrero negro,27.9769,-114.0611,62.04,85.0,23.0,13.09,MX,1717651269.0
100,wailua homesteads,22.0669,-159.378,81.03,83.0,100.0,10.36,US,1717651254.0
101,bridgewater,44.3835,-64.5155,60.48,90.0,75.0,4.61,CA,1717651351.0
102,touros,-5.1989,-35.4608,74.7,93.0,42.0,9.95,BR,1717651269.0
103,talnakh,69.4865,88.3972,28.2,89.0,98.0,10.74,RU,1717651270.0
104,portland,45.5234,-122.6762,64.35,64.0,0.0,6.91,US,1717651083.0
105,alotau,,,,,,,,
106,guachochi,,,,,,,,
107,enoch,37.7733,-113.0244,75.45,36.0,0.0,9.22,US,1717651351.0
108,pangody,65.85,74.4859,32.45,84.0,100.0,5.91,RU,1717651283.0
109,yanam,16.7333,82.2167,94.28,53.0,76.0,5.1,IN,1717651352.0
110,taltal,-25.4,-70.4833,58.77,86.0,58.0,1.5,CL,1717651352.0
111,ujae,8.9322,165.7642,83.71,80.0,41.0,15.59,MH,1717651352.0
112,grootfontein,-19.5667,18.1167,36.97,70.0,0.0,2.3,NA,1717651352.0
113,isafjordur,66.0755,-23.124,34.66,95.0,98.0,16.08,IS,1717651256.0
114,mozhga,56.4447,52.2276,68.54,74.0,22.0,8.01,RU,1717651352.0
115,papatowai,-46.5619,169.4708,50.05,90.0,99.0,1.54,NZ,1717651256.0
116,rabo de peixe,37.8,-25.5833,63.99,99.0,40.0,17.27,PT,1717651352.0
117,ouadda,8.0777,22.4007,69.91,82.0,71.0,3.13,CF,1717651352.0
118,yenifakili,39.2114,35.0004,72.88,48.0,0.0,4.76,TR,1717651353.0
119,mar del plata,-38.0023,-57.5575,54.09,95.0,100.0,11.99,AR,1717651163.0
120,west island,-12.1568,96.8225,85.98,79.0,75.0,11.5,CC,1717651262.0
121,carnarvon,-24.8667,113.6333,74.7,43.0,4.0,5.84,AU,1717651260.0
122,canutama,-6.5339,-64.3831,77.85,59.0,82.0,2.06,BR,1717651353.0
123,curvelo,-18.7564,-44.4308,65.68,71.0,80.0,5.57,BR,1717651219.0
124,horta,38.5333,-28.6333,63.01,80.0,76.0,11.99,PT,1717651353.0
125,beatrice,40.2681,-96.747,69.28,64.0,0.0,4.61,US,1717651353.0
126,nizhneangarsk,55.7833,109.55,45.0,93.0,100.0,4.0,RU,1717651353.0
127,milici,44.1711,19.0903,56.57,83.0,0.0,2.33,BA,1717651353.0
128,constantia,44.1833,28.65,75.88,71.0,100.0,10.76,RO,1717651268.0
129,zelenoborskiy,66.845,32.3622,48.49,83.0,92.0,5.08,RU,1717651354.0
130,ust'-ilimsk,58.0006,102.6619,59.43,28.0,20.0,5.99,RU,1717651354.0
131,el bauga,18.262,33.9081,97.16,25.0,0.0,21.34,SD,1717651354.0
132,katima mulilo,-17.5,24.2667,56.05,24.0,0.0,4.7,NA,1717651301.0
133,ipora,-16.4419,-51.1178,63.36,58.0,0.0,4.74,BR,1717651354.0
134,mushie,-3.0167,16.9,72.34,80.0,100.0,2.98,CD,1717651354.0
135,selfoss,63.9331,-20.9971,40.05,58.0,100.0,7.85,IS,1717651279.0
136,box elder,41.5005,-112.8764,68.83,60.0,0.0,5.3,US,1717651354.0
137,kuhdasht,33.535,47.6061,82.81,22.0,0.0,4.94,IR,1717651355.0
138,kudahuvadhoo,2.6708,72.8944,82.13,71.0,61.0,2.13,MV,1717651270.0
139,tsaratanana,-16.7833,47.65,70.77,68.0,0.0,9.06,MG,1717651355.0
140,ilulissat,69.2167,-51.1,33.82,93.0,100.0,2.3,GL,1717651258.0
141,hammerfest,70.6634,23.6821,61.25,44.0,0.0,12.66,NO,1717651355.0
142,noyabrsk,63.1994,75.4507,45.23,79.0,100.0,10.0,RU,1717651355.0
143,vernon,50.2581,-119.2691,56.61,54.0,25.0,1.14,CA,1717651264.0
144,taksimo,56.3444,114.8794,51.08,67.0,100.0,9.24,RU,1717651355.0
145,dachne,44.8833,34.9833,74.1,60.0,37.0,2.55,UA,1717651355.0
146,puerto baquerizo moreno,-0.9,-89.6,70.56,87.0,18.0,9.73,EC,1717651271.0
147,ugoofaaru,5.6667,73.0,83.32,74.0,43.0,6.91,MV,1717651356.0
148,leshan,29.5623,103.7639,74.77,75.0,100.0,1.5,CN,1717651356.0
149,arraial do cabo,-22.9661,-42.0278,71.58,75.0,40.0,12.39,BR,1717651078.0
150,lebu,-37.6167,-73.65,57.02,94.0,96.0,15.43,CL,1717651256.0
151,lamar,33.6668,-95.5836,71.51,89.0,0.0,5.75,US,1717651356.0
152,san antonio,29.4241,-98.4936,82.15,73.0,0.0,4.61,US,1717651322.0
153,n'zeto,-7.2312,12.8666,70.43,86.0,86.0,6.35,AO,1717651356.0
154,khandyga,62.6667,135.6,64.45,34.0,56.0,3.91,RU,1717651275.0
155,hermanus,-34.4187,19.2345,54.81,86.0,52.0,14.45,ZA,1717651254.0
156,ayr,55.4627,-4.6339,48.18,76.0,75.0,9.22,GB,1717651356.0
157,shantobe,52.4581,68.1839,72.45,65.0,65.0,10.29,KZ,1717651357.0
158,ponta delgada,37.7333,-25.6667,65.19,82.0,40.0,17.27,PT,1717651310.0
159,solnechnyy,50.7214,136.6319,58.03,56.0,100.0,4.9,RU,1717651357.0
160,chibougamau,49.9168,-74.3659,69.42,64.0,0.0,9.22,CA,1717651038.0
161,hithadhoo,-0.6,73.0833,82.67,71.0,80.0,5.46,MV,1717651263.0
162,kittila,67.6647,24.8936,63.61,59.0,0.0,8.05,FI,1717651357.0
163,nouadhibou,20.931,-17.0347,66.18,82.0,3.0,17.27,MR,1717651272.0
164,howard springs,-12.497,131.047,83.98,44.0,18.0,7.74,AU,1717651358.0
165,masterton,-40.9597,175.6575,56.1,87.0,86.0,2.51,NZ,1717651358.0
166,punta arenas,-53.15,-70.9167,37.51,75.0,75.0,16.11,CL,1717650978.0
167,phek,25.6667,94.5,86.02,44.0,7.0,2.66,IN,1717651358.0
168,vilyuysk,63.7553,121.6247,66.99,26.0,100.0,15.99,RU,1717651313.0
169,galliano,29.4422,-90.2992,80.6,83.0,0.0,3.44,US,1717651358.0
170,mount isa,-20.7333,139.5,65.97,37.0,0.0,9.22,AU,1717651262.0
171,marang,5.2056,103.2059,91.31,60.0,85.0,6.11,MY,1717651358.0
172,bartica,6.4,-58.6167,79.12,99.0,57.0,1.61,GY,1717651090.0
173,samitah,16.596,42.9444,90.19,58.0,43.0,3.83,SA,1717651359.0
174,sheregesh,52.9209,87.9869,65.95,55.0,98.0,6.11,RU,1717651359.0
175,cargados carajos,,,,,,,,
176,kodiak,57.79,-152.4072,45.91,87.0,100.0,6.91,US,1717651297.0
177,bogatyye saby,56.0102,50.4483,63.16,81.0,20.0,8.97,RU,1717651359.0
178,karratha,-20.7377,116.8463,77.27,30.0,0.0,20.54,AU,1717651316.0
179,guymon,36.6828,-101.4816,77.0,57.0,0.0,13.8,US,1717651359.0
180,sao gabriel da cachoeira,-0.1303,-67.0892,72.7,100.0,100.0,1.92,BR,1717651288.0
181,nishinoomote,30.7333,131.0,73.96,73.0,75.0,13.8,JP,1717651359.0
182,yuzhno-kurilsk,44.0306,145.8556,48.38,76.0,71.0,12.35,RU,1717651282.0
183,chengde,40.9725,117.9361,87.33,28.0,69.0,9.62,CN,1717651360.0
184,malango,-2.9627,119.9001,76.39,75.0,91.0,1.83,ID,1717651360.0
185,veraval,20.9,70.3667,87.96,63.0,100.0,9.33,IN,1717651360.0
186,redland,39.1454,-77.1442,74.5,95.0,75.0,1.01,US,1717651360.0
187,utrik,11.2278,169.8474,82.69,79.0,19.0,16.6,MH,1717651269.0
188,belmonte,-15.8631,-38.8828,73.2,85.0,29.0,5.61,BR,1717651293.0
189,brookings,44.3114,-96.7984,63.09,57.0,0.0,9.22,US,1717651197.0
190,baijiantan,45.6333,85.1833,83.68,21.0,2.0,6.44,CN,1717651360.0
191,tufanbeyli,38.2633,36.2206,74.61,39.0,0.0,3.44,TR,1717651360.0
192,aasiaat,68.7098,-52.8699,32.41,97.0,100.0,3.62,GL,1717651266.0
193,hamilton,39.1834,-84.5333,71.89,95.0,100.0,8.01,US,1717651255.0
194,ardakan,32.31,54.0175,83.07,22.0,42.0,5.1,IR,1717651361.0
195,flying fish cove,-10.4217,105.6791,82.08,78.0,100.0,13.8,CX,1717651303.0
196,fisterra,42.9049,-9.2629,58.75,93.0,100.0,6.49,ES,1717651361.0
197,praia da vitoria,38.7333,-27.0667,62.85,82.0,20.0,19.46,PT,1717651305.0
198,manatutu,,,,,,,,
199,mount gambier,-37.8333,140.7667,58.17,69.0,77.0,7.7,AU,1717651282.0
200,imperatriz,-5.5264,-47.4917,77.05,61.0,0.0,3.44,BR,1717651362.0
201,fale old settlement,-9.3852,-171.2468,84.18,68.0,61.0,0.43,TK,1717651264.0
202,weno,7.4515,151.8468,85.95,94.0,75.0,10.36,FM,1717651262.0
203,dongola,19.1667,30.4833,94.73,9.0,82.0,15.48,SD,1717651316.0
204,lodja,-3.4833,23.4333,69.69,95.0,91.0,0.87,CD,1717651362.0
205,fort st. john,56.2499,-120.8529,51.69,43.0,20.0,20.71,CA,1717651308.0
206,dakhla,23.6848,-15.958,66.16,90.0,0.0,16.33,EH,1717651267.0
207,port mathurin,-19.6833,63.4167,74.25,73.0,54.0,26.42,MU,1717651259.0
208,shagonar,51.5333,92.8,60.04,49.0,90.0,1.57,RU,1717651362.0
209,otradnoye,59.7775,30.8181,71.65,72.0,68.0,2.89,RU,1717651362.0
210,urangan,-25.3,152.9,74.19,63.0,0.0,8.99,AU,1717651363.0
211,camana,-16.6228,-72.7111,61.43,90.0,0.0,5.21,PE,1717651363.0
212,asau village,,,,,,,,
213,fuvahmulah,,,,,,,,
214,nemuro,43.3236,145.575,47.32,77.0,81.0,7.67,JP,1717651291.0
215,raja,8.4596,25.678,76.05,67.0,91.0,4.94,SS,1717651363.0
216,pierre,44.3683,-100.351,63.52,46.0,0.0,13.8,US,1717651101.0
217,margaret river,-33.95,115.0667,66.2,91.0,86.0,24.25,AU,1717651257.0
218,villa maria grande,-31.6656,-59.9018,56.77,95.0,88.0,5.88,AR,1717651363.0
219,kayangel,8.0823,134.7173,83.73,74.0,46.0,9.55,PW,1717651275.0
220,nadym,65.5333,72.5167,36.97,98.0,100.0,6.22,RU,1717651364.0
221,oulunsalo,64.9346,25.4112,62.67,72.0,0.0,3.44,FI,1717651364.0
222,palmerston,-12.486,130.9833,84.04,35.0,0.0,12.66,AU,1717651364.0
223,salekhard,66.53,66.6019,40.39,71.0,77.0,3.0,RU,1717651364.0
224,katsuren-haebaru,26.3369,127.8719,73.78,88.0,75.0,5.75,JP,1717651284.0
225,mahajanga,-15.7167,46.3167,75.22,60.0,20.0,9.22,MG,1717651364.0
226,iqaluit,63.7506,-68.5145,31.73,100.0,100.0,0.0,CA,1717651259.0
227,saint-pierre,-21.3393,55.4781,74.88,64.0,20.0,24.16,RE,1717651104.0
228,buritis,-15.6178,-46.4233,68.7,68.0,74.0,3.6,BR,1717651068.0
229,belzyce,51.1741,22.2803,64.29,80.0,61.0,6.98,PL,1717651364.0
230,minas,-34.3759,-55.2377,55.99,95.0,100.0,4.47,UY,1717651168.0
231,manado,1.487,124.8455,92.17,66.0,40.0,4.61,ID,1717651365.0
232,arkhara,49.4212,130.0842,74.77,49.0,13.0,11.99,RU,1717651365.0
233,jose maria morelos,23.3952,-103.8984,68.29,33.0,86.0,3.0,MX,1717651365.0
234,dhidhdhoo,6.8833,73.1,83.66,77.0,60.0,10.47,MV,1717651365.0
235,sinabang,2.4803,96.3801,77.45,94.0,100.0,9.71,ID,1717651090.0
236,roma,43.2128,-75.4557,73.54,73.0,100.0,6.91,US,1717651270.0
237,naxos,37.1056,25.3764,80.78,62.0,0.0,12.66,GR,1717651192.0
238,carauari,-4.8828,-66.8958,78.06,74.0,100.0,1.72,BR,1717651290.0
239,hermansverk,61.1846,6.8502,50.45,65.0,75.0,5.75,NO,1717651331.0
240,opuwo,-18.0607,13.84,43.45,73.0,5.0,3.87,NA,1717651258.0
241,levuka,50.1834,-105.4011,53.42,69.0,13.0,16.06,CA,1717651366.0
242,tamanrasset,22.785,5.5228,78.71,15.0,1.0,8.05,DZ,1717651366.0
243,altai,46.3722,96.2583,59.63,24.0,37.0,7.0,MN,1717651366.0
244,fort mcmurray,56.7268,-111.381,53.19,87.0,100.0,5.75,CA,1717651348.0
245,pacific grove,36.6177,-121.9166,63.01,86.0,0.0,4.61,US,1717651291.0
246,tevragh zeina,,,,,,,,
247,taroa,8.7058,171.2275,82.4,80.0,54.0,13.31,MH,1717651269.0
248,luganville,-15.5333,167.1667,79.23,74.0,55.0,12.53,VU,1717651366.0
249,porto novo,6.4965,2.6036,82.22,86.0,100.0,5.5,BJ,1717651367.0
250,jamestown,42.097,-79.2353,65.79,99.0,100.0,5.75,US,1717651179.0
251,uige,-7.6087,15.0613,58.19,97.0,84.0,2.08,AO,1717651367.0
252,traiguen,-38.25,-72.6833,53.58,97.0,100.0,10.11,CL,1717651367.0
253,aykhal,66.0,111.5,49.08,50.0,100.0,24.92,RU,1717651277.0
254,hobyo,5.3505,48.5268,83.16,74.0,74.0,22.64,SO,1717651258.0
255,coahuayana de hidalgo,18.7,-103.6583,71.73,90.0,3.0,2.33,MX,1717651281.0
256,banda aceh,5.5577,95.3222,86.68,69.0,99.0,7.02,ID,1717651367.0
257,serdar,38.9764,56.2757,90.43,8.0,0.0,5.37,TM,1717651367.0
258,tokar,18.4254,37.729,94.93,23.0,1.0,4.16,SD,1717651367.0
259,oranjemund,-28.55,16.4333,54.82,87.0,8.0,15.12,NA,1717651368.0
260,glace bay,46.1969,-59.957,48.78,97.0,100.0,8.05,CA,1717651269.0
261,kavaratti,10.5669,72.642,83.68,82.0,94.0,10.96,IN,1717651151.0
262,rio grande,-32.035,-52.0986,58.95,93.0,23.0,8.1,BR,1717651286.0
263,new norfolk,-42.7826,147.0587,54.91,63.0,1.0,1.7,AU,1717651286.0
264,happy valley-goose bay,53.3168,-60.3315,55.71,82.0,20.0,0.0,CA,1717651287.0
265,xinyuan,37.3,99.0,44.11,80.0,100.0,7.45,CN,1717651368.0
266,krasnoarmeyskoye,52.7182,50.0322,74.07,71.0,49.0,9.57,RU,1717651368.0
267,kargil,34.5667,76.1,49.44,34.0,48.0,4.81,IN,1717651368.0
268,panambi,-28.2925,-53.5017,62.8,88.0,45.0,6.46,BR,1717651368.0
269,panaba,21.2833,-88.2667,79.52,79.0,14.0,7.09,MX,1717651271.0
270,sona,45.4388,10.8255,68.32,85.0,16.0,2.3,IT,1717651369.0
271,arfoud,31.4348,-4.2375,78.13,12.0,1.0,9.08,MA,1717651369.0
272,georgetown,5.4112,100.3354,93.15,55.0,20.0,6.91,MY,1717651256.0
273,bannu,32.9854,70.6027,88.88,31.0,0.0,3.36,PK,1717651369.0
274,mantua,45.1667,10.7833,69.35,90.0,21.0,3.0,IT,1717651369.0
275,zambezi,-13.5432,23.1047,55.4,35.0,6.0,5.03,ZM,1717651369.0
276,maragogi,-9.0122,-35.2225,74.53,90.0,100.0,3.94,BR,1717651259.0
277,barakani,-12.1356,44.4317,79.41,71.0,76.0,7.78,KM,1717651369.0
278,kailua-kona,19.6406,-155.9956,81.59,84.0,75.0,11.5,US,1717651175.0
279,ryotsu-minato,38.0833,138.4333,65.41,70.0,100.0,6.02,JP,1717651370.0
280,arar,30.9753,41.0381,93.22,8.0,0.0,6.91,SA,1717651370.0
281,balaklava,44.5,33.6,74.88,59.0,44.0,7.9,UA,1717651370.0
282,farsan,32.2569,50.561,71.64,32.0,0.0,5.32,IR,1717651370.0
283,gadzhiyevo,69.2551,33.3362,48.47,74.0,88.0,2.73,RU,1717651296.0
284,sillamae,59.3997,27.7547,58.8,71.0,41.0,4.09,EE,1717651370.0
285,atafu village,-8.5421,-172.5159,84.22,67.0,90.0,1.1,TK,1717651288.0
286,santana,-0.0583,-51.1817,80.78,89.0,75.0,1.14,BR,1717651370.0
287,iskushuban,10.2837,50.23,90.86,39.0,52.0,21.65,SO,1717651370.0
288,cabo san lucas,22.8909,-109.9124,81.61,62.0,1.0,11.79,MX,1717651106.0
289,cooper's town,26.8667,-77.5167,81.09,78.0,0.0,12.41,BS,1717651371.0
290,lubuklinggau,-3.3,102.8667,87.62,60.0,74.0,3.94,ID,1717651371.0
291,port alfred,-33.5906,26.891,59.38,49.0,0.0,9.33,ZA,1717651278.0
292,kismayo,-0.3582,42.5454,81.28,75.0,20.0,17.18,SO,1717651299.0
293,okha,53.5739,142.9478,46.26,70.0,96.0,7.0,RU,1717651371.0
294,kununurra,-15.7667,128.7333,78.78,34.0,0.0,10.36,AU,1717651136.0
295,coquimbo,-29.9533,-71.3436,53.33,100.0,100.0,3.44,CL,1717651209.0
296,kulhudhuffushi,6.6221,73.07,83.52,76.0,52.0,10.07,MV,1717651271.0
297,lospalos,-8.5186,127.0025,76.44,80.0,78.0,9.75,TL,1717651371.0
298,sitka,57.0531,-135.33,46.76,88.0,100.0,6.31,US,1717651281.0
299,birjand,32.8663,59.2211,79.27,18.0,40.0,13.8,IR,1717651250.0
300,san patricio,28.017,-97.5169,82.9,87.0,76.0,6.24,US,1717651256.0
301,nar'yan-mar,67.6713,53.087,41.11,86.0,96.0,10.0,RU,1717651261.0
302,champerico,14.3,-91.9167,82.9,79.0,100.0,3.02,GT,1717651297.0
303,bom jesus da lapa,-13.255,-43.4181,69.12,78.0,83.0,5.3,BR,1717651372.0
304,palmer,42.1584,-72.3287,69.4,72.0,100.0,5.75,US,1717651272.0
305,xilin hot,43.9667,116.0333,75.22,24.0,74.0,21.7,CN,1717651272.0
306,bel ombre,-4.6167,55.4167,85.84,79.0,20.0,8.05,SC,1717651271.0
307,durgapur,23.4833,87.3167,91.69,66.0,40.0,9.22,IN,1717651373.0
308,chinde,26.8418,88.0763,75.96,67.0,6.0,5.37,NP,1717651373.0
309,kwakoa,-3.7667,37.7167,70.2,82.0,97.0,2.15,TZ,1717651373.0
310,petropavlovsk-kamchatsky,53.0452,158.6483,59.59,25.0,0.0,13.42,RU,1717651261.0
311,port hueneme,34.1478,-119.1951,66.47,91.0,100.0,4.61,US,1717651373.0
312,kuldiga,56.974,21.9572,58.69,90.0,100.0,6.87,LV,1717651373.0
313,fortuna,40.5982,-124.1573,55.35,93.0,100.0,5.75,US,1717651315.0
314,walvis bay,-22.9575,14.5053,56.08,74.0,0.0,7.05,NA,1717651373.0
315,de soto,34.9248,-89.9904,75.06,89.0,75.0,4.61,US,1717651373.0
316,lompoc,34.6391,-120.4579,66.78,95.0,100.0,4.61,US,1717651265.0
317,kingston,17.997,-76.7936,83.35,84.0,20.0,9.22,JM,1717651167.0
318,puerto deseado,-47.7503,-65.8938,44.64,93.0,100.0,8.16,AR,1717651269.0
319,bikenibeu village,1.3673,173.1241,83.55,72.0,100.0,4.43,KI,1717651374.0
320,puerto san carlos,,,,,,,,
321,spanish springs,39.6491,-119.7074,80.29,42.0,75.0,6.91,US,1717651374.0
322,abou el hassan,36.4166,1.1962,76.44,29.0,12.0,3.47,DZ,1717651374.0
323,queenstown,-31.8976,26.8753,42.82,54.0,0.0,5.95,ZA,1717651374.0
324,vico del gargano,41.8983,15.9576,60.26,63.0,0.0,1.72,IT,1717651374.0
325,luanda,-8.8368,13.2343,71.6,83.0,40.0,2.3,AO,1717651374.0
326,nchelenge,-9.3451,28.734,63.7,52.0,5.0,3.47,ZM,1717651374.0
327,kiama,-34.6833,150.8667,57.58,96.0,100.0,6.93,AU,1717651375.0
328,yangor,,,,,,,,
329,yamada,39.4667,141.95,64.87,65.0,30.0,7.65,JP,1717651375.0
330,sumbawa besar,-8.5,117.4333,92.44,45.0,41.0,9.22,ID,1717651375.0
331,nova sintra,14.8667,-24.7167,74.19,81.0,71.0,13.85,CV,1717651282.0
332,kerewan,13.4898,-16.0888,75.56,71.0,82.0,6.62,GM,1717651375.0
333,dzuunharaa,48.8523,106.4579,58.78,58.0,84.0,6.44,MN,1717651375.0
334,siniscola,40.5719,9.6922,62.15,55.0,0.0,2.98,IT,1717651375.0
335,victoria,22.2855,114.1577,82.96,90.0,97.0,5.01,HK,1717651322.0
336,pajok,3.8651,32.4821,70.83,85.0,93.0,0.94,SS,1717651375.0
337,codrington,-38.2667,141.9667,58.33,70.0,76.0,7.58,AU,1717651269.0
338,kerikeri,-35.2268,173.9474,60.91,85.0,99.0,1.99,NZ,1717651303.0
339,ampanihy,-24.7,44.75,70.03,60.0,0.0,4.61,MG,1717651376.0
340,brigantine,39.4101,-74.3646,70.2,98.0,100.0,10.0,US,1717651376.0
341,villa gesell,-37.2639,-56.973,55.06,93.0,68.0,8.93,AR,1717651376.0
342,ufa,54.775,56.0375,70.97,83.0,16.0,8.99,RU,1717651376.0
343,tateyama,34.9833,139.8667,71.89,67.0,97.0,9.13,JP,1717651376.0
344,plav,42.5969,19.9456,59.65,81.0,0.0,3.15,ME,1717651376.0
345,menongue,-14.6585,17.691,49.33,48.0,0.0,2.13,AO,1717651266.0
346,madera,37.1666,-119.8343,89.69,43.0,2.0,5.17,US,1717651376.0
347,sisimiut,66.9395,-53.6735,36.36,96.0,100.0,1.16,GL,1717651255.0
348,kitimat,54.0524,-128.6534,48.9,65.0,100.0,3.0,CA,1717651377.0
349,tromso,69.6496,18.957,60.82,55.0,0.0,0.0,NO,1717651377.0
350,yanjiang,30.1211,104.6481,83.57,53.0,43.0,3.04,CN,1717651377.0
351,canton,23.1167,113.25,80.55,78.0,100.0,8.57,CN,1717651200.0
352,akrehamn,59.2667,5.1833,49.41,87.0,75.0,10.36,NO,1717651377.0
353,susuman,62.7833,148.1667,63.99,24.0,7.0,1.01,RU,1717651283.0
354,pirallahi,40.4723,50.333,84.34,52.0,0.0,14.07,AZ,1717651377.0
355,polyarnyy,69.1989,33.4478,48.31,74.0,88.0,1.92,RU,1717651268.0
356,dire,12.2833,-10.9667,84.97,48.0,70.0,2.08,ML,1717651377.0
357,sola,-13.8833,167.55,79.97,69.0,45.0,21.23,VU,1717651378.0
358,diego de almagro,-26.3667,-70.05,57.11,58.0,47.0,1.74,CL,1717651378.0
359,san policarpio,12.0675,124.5625,89.33,58.0,99.0,7.94,PH,1717651378.0
360,luau,-10.7073,22.2247,59.29,43.0,23.0,3.83,AO,1717651378.0
361,camalu,30.85,-116.0667,70.88,87.0,7.0,4.88,MX,1717651378.0
362,san antonio del estrecho,,,,,,,,
363,dudinka,69.4058,86.1778,28.67,99.0,96.0,5.01,RU,1717651290.0
364,ouanaminthe,19.55,-71.7333,79.11,82.0,88.0,3.44,HT,1717651378.0
365,sabang,5.8933,95.3214,83.97,75.0,94.0,3.67,ID,1717651302.0
366,mandamarri,18.9651,79.4747,93.36,47.0,95.0,5.19,IN,1717651379.0
367,alice springs,-23.7,133.8833,58.55,51.0,0.0,14.97,AU,1717651179.0
368,toktogul,41.8708,72.9402,68.38,50.0,71.0,2.82,KG,1717651379.0
369,alo,7.4178,6.7371,74.82,98.0,54.0,3.65,NG,1717651379.0
370,holualoa,19.6228,-155.9522,77.86,79.0,75.0,11.5,US,1717651379.0
371,kabo,7.6994,18.629,74.48,81.0,93.0,4.12,CF,1717651379.0
372,tanrake village,,,,,,,,
373,zalesovo,53.9939,84.7431,59.95,90.0,98.0,13.11,RU,1717651379.0
374,hayma',,,,,,,,
375,ath thawrah,35.8469,38.5443,90.59,21.0,0.0,8.63,SY,1717651380.0
376,rongelap,11.1635,166.8941,81.93,83.0,26.0,17.83,MH,1717651301.0
377,dalnegorsk,44.5604,135.5701,62.6,98.0,96.0,1.01,RU,1717651380.0
378,arawa,-6.2132,155.5367,82.92,85.0,88.0,1.88,PG,1717651380.0
379,tomatlan,19.9333,-105.25,70.65,88.0,1.0,1.95,MX,1717651380.0
380,mitu,1.1983,-70.1733,71.78,99.0,100.0,1.48,CO,1717651380.0
381,akureyri,65.6835,-18.0878,35.53,93.0,100.0,25.32,IS,1717651265.0
382,antofagasta,-23.65,-70.4,60.08,88.0,76.0,4.52,CL,1717651315.0
383,kamakhyanagar,20.9333,85.55,104.45,29.0,2.0,9.75,IN,1717651380.0
384,ust-tsilma,65.441,52.1498,53.62,62.0,97.0,7.0,RU,1717651287.0
385,lucapa,-8.4192,20.7447,65.97,49.0,53.0,1.03,AO,1717651318.0
386,myitkyina,25.3833,97.4,93.31,54.0,38.0,3.18,MM,1717651381.0
387,sai buri,6.7013,101.6168,98.96,49.0,69.0,1.52,TH,1717651381.0
388,magadan,59.5667,150.8,64.53,75.0,99.0,5.75,RU,1717651303.0
389,hasaki,35.7333,140.8333,79.29,68.0,100.0,11.07,JP,1717651292.0
390,crane,31.3974,-102.3501,78.82,50.0,85.0,16.75,US,1717651274.0
391,viedma,-40.8135,-62.9967,54.93,55.0,99.0,12.5,AR,1717651381.0
392,novyy urgal,51.0736,132.5642,66.27,50.0,18.0,13.02,RU,1717651381.0
393,kill devil hills,36.0307,-75.676,76.98,84.0,0.0,17.27,US,1717651381.0
394,sassandra,4.95,-6.0833,76.06,92.0,99.0,4.09,CI,1717651382.0
395,at taraf,25.3628,49.725,102.74,9.0,0.0,9.71,SA,1717651382.0
396,regina,50.4501,-104.6178,53.71,74.0,20.0,19.57,CA,1717651369.0
397,nguigmi,14.2495,13.1092,81.91,56.0,24.0,11.7,NE,1717651382.0
398,ad dilam,23.9915,47.1627,97.21,9.0,0.0,11.45,SA,1717651382.0
399,chimbarongo,-34.7,-71.05,54.72,70.0,99.0,3.06,CL,1717651382.0
400,lazaro cardenas,17.9583,-102.2,77.34,77.0,5.0,4.21,MX,1717651306.0
401,reggane,26.7158,0.1714,88.41,13.0,0.0,7.72,DZ,1717651314.0
402,umuarama,-23.7664,-53.325,62.64,69.0,2.0,5.97,BR,1717651383.0
403,axim,4.8699,-2.2405,77.88,88.0,95.0,5.64,GH,1717651272.0
404,sawang daen din,17.4753,103.4575,90.09,100.0,99.0,1.03,TH,1717651383.0
405,angaur state,6.906,134.13,84.04,73.0,57.0,8.14,PW,1717651383.0
406,prince rupert,54.3161,-130.3201,47.89,90.0,100.0,21.85,CA,1717651305.0
407,mejit,10.2753,170.8646,83.23,80.0,42.0,14.9,MH,1717651269.0
408,parras de la fuente,25.4167,-102.1833,79.88,23.0,26.0,6.96,MX,1717651383.0
409,dubna,56.7333,37.1667,68.23,77.0,14.0,2.73,RU,1717651383.0
410,mayna,54.1135,47.6231,70.18,75.0,62.0,10.45,RU,1717651383.0
411,tura,25.5198,90.2201,76.12,92.0,100.0,3.44,IN,1717651275.0
412,cururupu,-1.8283,-44.8683,72.32,100.0,4.0,0.83,BR,1717651384.0
413,princeville,45.7668,-61.2985,50.32,95.0,100.0,3.44,CA,1717651384.0
414,prado,-17.3411,-39.2208,70.38,91.0,6.0,3.98,BR,1717651384.0
415,webster city,42.4694,-93.816,66.49,67.0,20.0,10.36,US,1717651384.0
416,hirara,24.8,125.2833,82.67,74.0,75.0,16.11,JP,1717651286.0
417,mgandu,-5.95,34.1333,60.78,77.0,13.0,8.19,TZ,1717651384.0
418,itsa,29.2376,30.7894,84.36,38.0,0.0,12.3,EG,1717651384.0
419,tyre,33.2733,35.1939,82.2,70.0,0.0,5.41,LB,1717651384.0
420,maxixe,-23.8597,35.3472,67.82,94.0,40.0,12.66,MZ,1717651263.0
421,lianzhou,24.7811,112.3825,78.84,73.0,96.0,2.59,CN,1717651384.0
422,lexington,37.9887,-84.4777,73.4,94.0,100.0,11.5,US,1717651201.0
423,ishigaki,24.3448,124.1572,84.33,70.0,75.0,11.5,JP,1717651385.0
424,al wakrah,24.85,51.3333,100.49,12.0,0.0,6.44,QA,1717651385.0
425,huarmey,-10.0681,-78.1522,64.06,87.0,17.0,4.99,PE,1717651385.0
426,kambia,9.1167,-12.9167,77.67,95.0,96.0,3.36,SL,1717651385.0
427,hampton bays,40.869,-72.5176,70.38,94.0,100.0,7.0,US,1717651267.0
428,sibbo,60.3775,25.2691,68.43,56.0,0.0,9.22,FI,1717651385.0
429,ceeldheer,3.8488,47.1806,82.53,73.0,42.0,17.81,SO,1717651311.0
430,bereznik,62.8551,42.7072,67.08,65.0,64.0,7.29,RU,1717651385.0
431,ulsteinvik,62.3432,5.8487,51.75,76.0,96.0,8.99,NO,1717651292.0
432,serov,59.6033,60.5787,56.14,96.0,100.0,3.67,RU,1717651315.0
433,lerwick,60.1545,-1.1494,44.6,73.0,100.0,17.16,GB,1717651288.0
434,inekar,,,,,,,,
435,saudarkrokur,65.7461,-19.6394,34.61,100.0,100.0,17.52,IS,1717651386.0
436,baganga,7.5739,126.56,87.46,69.0,68.0,8.43,PH,1717651386.0
437,arrifes,37.7667,-25.7,62.92,82.0,40.0,17.27,PT,1717651386.0
438,zapala,-38.8992,-70.0544,44.24,89.0,74.0,8.5,AR,1717651386.0
439,yaren,-0.5472,166.916,83.84,68.0,97.0,2.53,NR,1717651291.0
440,mogocha,53.7333,119.7667,83.28,24.0,9.0,9.17,RU,1717651386.0
441,harriman,35.934,-84.5524,75.51,99.0,40.0,8.05,US,1717651386.0
442,miles city,46.4083,-105.8406,58.17,41.0,0.0,6.91,US,1717651387.0
443,tuensang,26.2833,94.8333,82.54,54.0,10.0,4.83,IN,1717651387.0
444,ginir,7.1333,40.7,64.69,73.0,49.0,5.1,ET,1717651387.0
445,pandan,14.0453,124.1694,83.61,80.0,93.0,3.33,PH,1717651308.0
446,prabumulih,-3.45,104.25,90.07,58.0,51.0,2.64,ID,1717651387.0
447,el calafate,-50.3408,-72.2768,33.01,94.0,100.0,1.79,AR,1717651387.0
448,isla vista,34.4133,-119.861,66.99,94.0,100.0,5.75,US,1717651387.0
449,isangel,-19.55,169.2667,78.91,73.0,40.0,2.3,VU,1717651282.0
450,okuta,9.2167,3.1833,71.33,97.0,78.0,7.56,NG,1717651387.0
451,mormugao,15.4,73.8,85.66,74.0,100.0,4.25,IN,1717651388.0
452,vila do maio,15.1333,-23.2167,70.59,82.0,28.0,13.24,CV,1717651388.0
453,krasnoturansk,54.3186,91.5639,46.24,67.0,100.0,5.01,RU,1717651388.0
454,libenge,3.65,18.6333,70.92,96.0,92.0,2.62,CD,1717651388.0
455,coos bay,43.3665,-124.2179,53.58,87.0,0.0,18.41,US,1717651388.0
456,preobrazheniye,42.9019,133.9064,60.53,84.0,86.0,5.55,RU,1717651303.0
457,east ballina,-28.8667,153.5833,69.8,61.0,0.0,4.07,AU,1717651388.0
458,bururi,-3.85,29.6333,60.96,71.0,65.0,3.11,BI,1717651388.0
459,smithers,54.7804,-127.1743,46.72,66.0,20.0,0.0,CA,1717651388.0
460,columbia falls,48.3725,-114.1815,52.92,64.0,0.0,5.75,US,1717651389.0
461,huicheng,23.0385,116.2899,81.73,81.0,99.0,5.44,CN,1717651389.0
462,lethem,3.3803,-59.7968,76.5,86.0,57.0,4.92,GY,1717651389.0
463,ta`u,-14.2336,-169.5144,80.55,76.0,64.0,19.89,AS,1717651389.0
464,namibe,-15.1961,12.1522,60.62,74.0,3.0,8.46,AO,1717651389.0
465,chiili,,,,,,,,
466,bam,29.106,58.357,91.8,13.0,0.0,10.33,IR,1717651261.0
467,bardai,11.65,7.2333,75.83,74.0,100.0,8.5,NG,1717651389.0
468,phan rang-thap cham,11.5667,108.9833,96.17,43.0,100.0,8.14,VN,1717651389.0
469,nizhneudinsk,54.9076,99.0276,63.1,29.0,29.0,6.38,RU,1717651291.0
470,boyolangu,-8.1181,111.8935,82.08,77.0,70.0,10.38,ID,1717651390.0
471,ketchikan,55.3422,-131.6461,48.67,93.0,100.0,8.05,US,1717651266.0
472,igarka,67.4667,86.5833,33.03,82.0,84.0,4.0,RU,1717651390.0
473,himeji,34.8167,134.7,70.57,61.0,100.0,2.84,JP,1717651390.0
474,lascano,-33.6667,-54.2,56.43,96.0,95.0,3.56,UY,1717651390.0
475,uricani,45.3373,23.1524,59.92,87.0,0.0,4.99,RO,1717651390.0
476,shaowu,27.3409,117.4831,73.81,80.0,91.0,2.06,CN,1717651390.0
477,afif,23.9065,42.9172,94.68,8.0,0.0,13.47,SA,1717651281.0
478,bhimunipatnam,17.8833,83.4333,89.11,57.0,64.0,15.99,IN,1717651390.0
479,trujillo,-8.116,-79.03,62.56,94.0,64.0,6.91,PE,1717651390.0
480,celestun,20.8667,-90.4,82.72,76.0,20.0,13.47,MX,1717651271.0
481,baxter,46.3433,-94.2867,64.47,48.0,100.0,17.27,US,1717651391.0
482,bargara,,,,,,,,
483,nuku'alofa,-21.1333,-175.2,71.94,73.0,20.0,8.05,TO,1717651391.0
484,puerto madero,14.7208,-92.4215,79.0,89.0,0.0,0.0,MX,1717651391.0
485,cill airne,52.05,-9.5167,48.25,87.0,75.0,2.3,IE,1717651391.0
486,okhotsk,59.3833,143.3,42.62,90.0,98.0,6.89,RU,1717651391.0
487,xining,36.6167,101.7667,63.16,50.0,99.0,5.77,CN,1717651391.0
488,laojunmiao,39.8333,97.7333,67.46,24.0,35.0,4.36,CN,1717651392.0
489,ust-nera,64.5667,143.2,69.17,26.0,29.0,1.57,RU,1717651273.0
490,znamenskoye,57.1281,73.8282,58.62,88.0,100.0,7.81,RU,1717651392.0
491,strzelno,52.6279,18.1725,59.83,92.0,91.0,5.61,PL,1717651392.0
492,ormond-by-the-sea,29.3491,-81.0665,79.02,84.0,0.0,3.44,US,1717651392.0
493,mil'kovo,55.6078,37.7956,71.11,74.0,100.0,2.06,RU,1717651392.0
494,piombino,42.9348,10.5221,69.06,88.0,8.0,6.31,IT,1717651392.0
495,minas de marcona,-15.2119,-75.1103,54.86,83.0,0.0,5.79,PE,1717651260.0
496,sunchales,-30.944,-61.5615,56.05,94.0,98.0,6.24,AR,1717651335.0
497,somvarpet,12.6,75.8667,76.98,72.0,95.0,5.32,IN,1717651392.0
498,forster,-32.1667,152.5167,63.28,83.0,43.0,8.37,AU,1717651393.0
499,pahrump,36.2083,-115.9839,91.26,19.0,0.0,1.99,US,1717651393.0
500,juan griego,11.0817,-63.9655,80.74,87.0,29.0,11.92,VE,1717651393.0
501,malvan,16.0667,73.4667,88.39,67.0,89.0,4.65,IN,1717651296.0
502,poronaysk,49.2167,143.1167,49.57,73.0,3.0,13.04,RU,1717651393.0
503,battambang,13.1027,103.1982,96.01,41.0,100.0,6.15,KH,1717651393.0
504,hanzhong,33.0728,107.0303,80.35,52.0,100.0,4.32,CN,1717651393.0
505,pisco,-13.7,-76.2167,60.85,94.0,100.0,3.44,PE,1717651270.0
506,cascais,38.6979,-9.4215,62.94,83.0,64.0,11.01,PT,1717651393.0
507,buka,40.8108,69.1986,84.63,28.0,99.0,5.86,UZ,1717651393.0
508,bodaybo,57.8506,114.1933,41.22,98.0,100.0,3.4,RU,1717651393.0
509,yangambi,0.8102,24.4336,71.46,92.0,97.0,0.43,CD,1717651394.0
510,knyaze-volkonskoye,48.4642,135.4567,73.74,54.0,48.0,1.99,RU,1717651394.0
511,suzun,53.7841,82.3116,70.68,64.0,100.0,12.15,RU,1717651394.0
512,ola,59.5833,151.2833,65.14,77.0,95.0,7.36,RU,1717651303.0
513,moyamba,8.1667,-12.4333,76.05,98.0,100.0,0.69,SL,1717651394.0
514,itacoatiara,-3.1431,-58.4442,74.46,97.0,58.0,1.72,BR,1717651394.0
515,callao,-12.0667,-77.15,63.72,82.0,100.0,5.75,PE,1717651393.0
516,emerald,-23.5333,148.1667,70.34,39.0,0.0,8.48,AU,1717651394.0
517,perico,22.7692,-81.0189,78.51,87.0,31.0,4.92,CU,1717651394.0
518,paracuru,-3.41,-39.0306,80.11,92.0,21.0,8.16,BR,1717651395.0
519,tefe,-3.3542,-64.7114,74.16,98.0,100.0,2.35,BR,1717651395.0
520,toga village,,,,,,,,
521,yarmouth,41.7057,-70.2286,67.1,93.0,75.0,10.0,US,1717651156.0
522,mount pearl,47.5166,-52.7813,48.72,98.0,100.0,2.3,CA,1717651118.0
523,ban houakhoua,20.2453,100.4547,87.3,65.0,98.0,3.04,LA,1717651395.0
524,choibalsan,48.0667,114.5,65.19,46.0,86.0,20.58,MN,1717651395.0
525,vingt cinq,,,,,,,,
526,port augusta,-32.5,137.7667,62.96,53.0,6.0,14.54,AU,1717651159.0
527,porto cristo,39.5395,3.333,71.33,78.0,39.0,4.41,ES,1717651395.0
528,nang rong,14.6377,102.7914,94.41,42.0,100.0,8.5,TH,1717651396.0
529,saint-joseph,-21.3667,55.6167,73.78,75.0,39.0,12.93,RE,1717651396.0
530,torghay,49.6339,63.4981,79.03,54.0,100.0,10.18,KZ,1717651212.0
531,nagqu,31.5,92.0,51.1,48.0,82.0,8.52,CN,1717651294.0
532,chandur,19.7333,79.1833,96.22,40.0,52.0,7.45,IN,1717651396.0
533,boende,-0.2167,20.8667,71.4,96.0,89.0,1.9,CD,1717651396.0
534,kenai,60.5544,-151.2583,49.14,94.0,40.0,6.91,US,1717651278.0
535,mezgor'e,,,,,,,,
536,nema,57.5067,50.5011,66.74,83.0,60.0,6.71,RU,1717651397.0
537,tatsinskiy,48.1968,41.2756,78.87,46.0,72.0,10.29,RU,1717651397.0
538,quiberon,47.4841,-3.1196,53.2,62.0,42.0,12.03,FR,1717651397.0
539,lagunillas,10.1301,-71.2595,79.54,89.0,100.0,7.78,VE,1717651397.0
540,bandarbeyla,9.4942,50.8122,85.59,62.0,73.0,21.94,SO,1717651397.0
541,severo-yeniseyskiy,60.3725,93.0408,50.58,58.0,94.0,11.01,RU,1717651302.0
542,port-vila,-17.7338,168.3219,78.4,78.0,40.0,11.5,VU,1717651397.0
543,asaka,35.8047,139.6019,80.78,57.0,75.0,10.36,JP,1717651397.0
544,faro,37.0194,-7.9322,70.18,56.0,0.0,6.91,PT,1717651397.0
545,dili,-8.5586,125.5736,83.46,72.0,39.0,7.9,TL,1717651397.0
546,souillac,-20.5167,57.5167,75.58,64.0,75.0,12.66,MU,1717651398.0
547,minab,27.1467,57.0801,97.23,24.0,0.0,1.7,IR,1717651398.0
548,anqing,30.5092,117.0506,76.1,64.0,67.0,8.1,CN,1717651398.0
549,xai-xai,-25.0519,33.6442,56.79,31.0,0.0,7.25,MZ,1717651398.0
550,al kharj,24.155,47.3346,97.38,8.0,0.0,8.43,SA,1717651146.0
551,bishoftu,8.75,38.9833,67.33,61.0,81.0,2.95,ET,1717651398.0
552,bengkulu,-3.8004,102.2655,87.26,66.0,79.0,10.36,ID,1717651034.0
553,mirabad,30.4362,61.8383,91.65,14.0,5.0,18.39,AF,1717651398.0
554,alofi,-19.0595,-169.9187,73.29,73.0,7.0,5.75,NU,1717651105.0
555,yenangyaung,20.4667,94.8833,87.82,63.0,100.0,5.73,MM,1717651398.0
556,vilyuchinsk,52.9306,158.4028,61.07,56.0,100.0,13.35,RU,1717651258.0
557,mukalla,14.5425,49.1242,85.89,75.0,58.0,4.23,YE,1717651399.0
558,turtas,58.9417,69.1325,56.71,69.0,88.0,7.65,RU,1717651399.0
559,ardestan,33.3761,52.3694,75.87,33.0,71.0,4.36,IR,1717651399.0
560,battlefield,37.1156,-93.3702,65.26,89.0,0.0,0.0,US,1717651399.0
561,colchester,51.8892,0.9042,51.15,84.0,100.0,5.53,GB,1717651399.0
562,san felipe,10.3399,-68.7425,74.26,94.0,100.0,5.61,VE,1717651399.0
563,nova vicosa,-17.8919,-39.3719,72.59,88.0,8.0,6.58,BR,1717651297.0
564,fnidek,35.8491,-5.3575,74.91,91.0,88.0,7.16,MA,1717651399.0
565,astoria,46.1879,-123.8313,55.29,88.0,0.0,11.5,US,1717651110.0
566,sterling,39.0062,-77.4286,75.2,86.0,75.0,10.36,US,1717651274.0
567,hailey,43.5196,-114.3153,57.33,63.0,7.0,7.2,US,1717651400.0
568,bestobe,52.4994,73.0975,76.03,55.0,53.0,18.14,KZ,1717651400.0
569,belyy yar,53.6039,91.3903,49.89,93.0,75.0,4.47,RU,1717651400.0
570,huilong,31.8111,121.655,66.72,77.0,100.0,8.08,CN,1717651400.0
571,datong,40.0936,113.2914,73.85,45.0,100.0,7.9,CN,1717651400.0
572,ntossoni,,,,,,,,
573,si sa ket,14.8333,104.3333,94.21,47.0,100.0,9.4,TH,1717651211.0
574,prainha,-1.8,-53.48,73.65,97.0,18.0,2.1,BR,1717651400.0
575,lorengau,-2.0226,147.2712,85.51,71.0,71.0,4.83,PG,1717651313.0
576,ratanpur,22.3,82.1667,104.07,26.0,21.0,10.11,IN,1717651401.0
577,monrovia,6.3005,-10.7969,78.57,88.0,80.0,5.44,LR,1717651401.0
578,luderitz,-26.6481,15.1594,54.55,87.0,26.0,8.9,NA,1717651292.0
579,balsas,-7.5325,-46.0356,81.73,43.0,99.0,2.98,BR,1717651401.0
580,devinuwara,,,,,,,,
581,dunay,42.8803,132.3375,54.54,90.0,98.0,11.36,RU,1717651401.0
582,najafabad,32.6344,51.3668,77.54,24.0,0.0,7.0,IR,1717651401.0
583,taoudenni,22.6783,-3.9836,88.54,14.0,0.0,10.45,ML,1717651318.0
584,sandnessjoen,66.0217,12.6316,48.42,87.0,40.0,2.3,NO,1717651306.0
585,masina,-4.3836,15.3914,71.89,83.0,40.0,4.61,CD,1717651402.0
586,barras,-4.2444,-42.2944,73.42,92.0,15.0,3.94,BR,1717651402.0
587,tazovsky,67.4667,78.7,33.42,94.0,96.0,2.75,RU,1717651259.0
588,mo i rana,66.3128,14.1428,51.33,84.0,75.0,3.44,NO,1717651225.0
589,papao,-17.75,-149.55,82.08,79.0,77.0,13.76,PF,1717651402.0
590,cockburn town,21.4612,-71.1419,81.99,87.0,22.0,14.92,TC,1717651147.0
